id;checked_out_date;checked_out_by;order_number
1;2019-05-09T06:28:59;Directives application Home Loan Account;15601
2;2019-05-09T04:46:20;Small;45924
3;2019-05-08T18:41:02;Savings Account alarm;2058
4;2019-05-09T14:07:05;transmitter Implementation Electronics;99221
5;2019-05-09T11:04:13;methodology Albania;43194
6;2019-05-09T14:55:07;Namibia;39986
7;2019-05-09T12:07:27;zero administration;36636
8;2019-05-09T09:53:08;Licensed Savings Account;38246
9;2019-05-09T03:07:50;Mississippi Refined Rubber Chicken Table;6505
10;2019-05-09T15:09:13;Usability South Dakota envisioneer;1596
